Index,Steps,Seed: 0
0,0,-377.0699
1,1200,-330.8057
2,2400,-287.1928
3,3600,-261.50418
4,4800,-216.75937
5,6000,-185.97505
6,7200,-187.08603
7,8400,-184.52837
8,9600,-182.87985
9,10800,-167.89807
10,12000,-153.37341
11,13200,-157.59561
12,14400,-158.05426
13,15600,-148.16624
14,16800,-149.73894
15,18000,-133.96849
16,19200,-150.30737
17,20400,-145.4143
18,21600,-146.20007
