Index,Steps,Seed: 0
0,0,17.822222
1,400,26.666666
2,800,36.363636
